{
  "naive": {
    "1": {
      "avg": 11,
      "p95": 29,
      "p99": 29
    },
    "50": {
      "avg": 17.545871559633028,
      "p95": 22,
      "p99": 29
    },
    "100": {
      "avg": 17.38218309859155,
      "p95": 21,
      "p99": 24
    }
  },
  "prepared": {
    "1": {
      "avg": 2.6,
      "p95": 3,
      "p99": 3
    },
    "50": {
      "avg": 14.857966101694915,
      "p95": 21,
      "p99": 25
    },
    "100": {
      "avg": 20.045121951219514,
      "p95": 27,
      "p99": 32
    }
  }
}