{
  "dos": {
    "1": {
      "avg": 2.457070707070707,
      "p95": 4,
      "p99": 5
    },
    "2": {
      "avg": 2.2346938775510203,
      "p95": 3,
      "p99": 4
    },
    "3": {
      "avg": 2.220499569336779,
      "p95": 3,
      "p99": 4
    },
    "4": {
      "avg": 2.4793333333333334,
      "p95": 4,
      "p99": 5
    },
    "5": {
      "avg": 3.8145454545454545,
      "p95": 5,
      "p99": 7
    },
    "6": {
      "avg": 4.341798941798942,
      "p95": 6,
      "p99": 8
    }
  }
}